{
    "rmse": 0.6904947237011085,
    "mae": 0.5363484438550886,
    "r2": 0.2684502713542396
}